1115.6,963.34,962.4,961.37,960.24,959,957.64,956.16,954.54,1060.2,1059.7,1059.4,1059.1,1058.9,1058.7,1058.6,1058.5,1058.4,1058.3,1058.3,1058.2,1058.1,1058.1,1058,1058,1057.9,1057.9,1057.9,1057.8,1057.8,1057.7,1057.7,1057.6,1057.6,1057.5,1057.5,933.87,933.74,933.62,933.49,933.36,933.23,933.1,932.97,932.84,932.71,932.59,932.46,932.33,932.2,932.07,931.94,931.81,931.68,931.55,931.42,931.29,931.15,931.02,930.89,930.76,930.63,930.5,930.37,930.23,930.1,929.97,929.84,929.7,929.57,929.44,929.3,929.17,929.03,928.9,928.76,928.63,928.49,928.36,928.22,928.08,927.94,927.81,927.67,927.53,927.39,927.25,927.11,926.97,926.83,926.68,926.54,926.4,926.25,926.11,925.96,925.81,925.66,925.52,925.37,925.21,925.06,924.91,924.75,924.6,924.44,924.28,924.12,923.96,923.8,923.64,923.47,923.3,923.13,922.96,922.79,922.61,922.44,922.26,922.08,921.89,921.71,921.52,921.33,921.13,920.93,920.73,920.53,920.33,920.12,919.9,919.69,919.47,919.25,919.02,918.79,918.56,918.32,918.08,917.83,917.58,917.33,917.07,916.81,916.54,916.27,915.99,915.71,915.42,915.13,914.84,914.54,914.23,913.92,913.61,913.29,912.97,912.64,912.31,911.97,911.63,911.29,910.94,910.59,910.23,909.88,909.52,909.15,908.79,908.42,908.06,907.69,907.32,906.95,906.58,906.22,905.85,905.49,905.13,904.77,904.42,904.07,903.73,903.39,903.07,902.75,902.44,902.14,901.85,901.57,901.31,901.06,900.82,900.6,900.4,900.22,900.05,899.91,899.79,899.69,899.62,899.57,899.55,899.56,899.6,899.68,899.78,899.92,900.1,900.32,900.58,900.89,901.24,901.63,902.08,902.59,903.14,903.76,904.44,905.19,906.01,906.91,907.88,908.94,910.1,911.35,912.71,914.19,915.79,917.52,919.41,921.45,923.68,926.1,928.74,931.63,934.79,938.27,942.09,946.32,951.02,956.26,962.14,968.78,976.34,985.02,995.09,1006.9,1021.1,1038.2,1059.7,1115.6
28.006,24.315,24.292,24.267,24.239,24.209,24.176,24.14,24.101,26.652,26.641,26.633,26.626,26.621,26.617,26.614,26.612,26.61,26.608,26.606,26.605,26.603,26.602,26.601,26.6,26.599,26.597,26.596,26.595,26.594,26.593,26.592,26.591,26.59,26.589,26.588,23.596,23.593,23.59,23.587,23.584,23.581,23.578,23.574,23.571,23.568,23.565,23.562,23.559,23.555,23.552,23.549,23.546,23.543,23.539,23.536,23.533,23.53,23.527,23.523,23.52,23.517,23.514,23.511,23.507,23.504,23.501,23.498,23.494,23.491,23.488,23.485,23.481,23.478,23.475,23.471,23.468,23.465,23.461,23.458,23.455,23.451,23.448,23.445,23.441,23.438,23.434,23.431,23.427,23.424,23.42,23.417,23.413,23.41,23.406,23.403,23.399,23.396,23.392,23.388,23.385,23.381,23.377,23.373,23.369,23.366,23.362,23.358,23.354,23.35,23.346,23.342,23.338,23.334,23.329,23.325,23.321,23.317,23.312,23.308,23.303,23.299,23.294,23.289,23.285,23.28,23.275,23.27,23.265,23.26,23.254,23.249,23.244,23.238,23.233,23.227,23.221,23.216,23.21,23.204,23.198,23.191,23.185,23.178,23.172,23.165,23.158,23.152,23.145,23.137,23.13,23.123,23.115,23.108,23.1,23.092,23.084,23.076,23.068,23.06,23.052,23.043,23.035,23.026,23.017,23.008,23,22.991,22.982,22.973,22.964,22.955,22.946,22.937,22.928,22.919,22.91,22.901,22.892,22.883,22.874,22.866,22.857,22.849,22.841,22.833,22.826,22.818,22.811,22.804,22.798,22.792,22.786,22.781,22.776,22.771,22.767,22.764,22.761,22.758,22.756,22.755,22.755,22.755,22.756,22.758,22.76,22.764,22.768,22.774,22.78,22.788,22.796,22.806,22.817,22.829,22.843,22.858,22.875,22.893,22.914,22.936,22.959,22.986,23.014,23.045,23.078,23.114,23.153,23.196,23.242,23.292,23.347,23.406,23.471,23.542,23.619,23.704,23.797,23.9,24.015,24.143,24.286,24.447,24.631,24.841,25.085,25.371,25.711,26.124,26.64,28.006
1,0.9999,0.99984,0.99977,0.99969,0.99961,0.99951,0.99941,0.99929,0.99926,0.99922,0.9992,0.99918,0.99917,0.99916,0.99915,0.99915,0.99914,0.99914,0.99914,0.99914,0.99913,0.99913,0.99913,0.99913,0.99913,0.99913,0.99913,0.99913,0.99913,0.99913,0.99913,0.99913,0.99913,0.99913,0.99913,0.99913,0.99913,0.99913,0.99913,0.99913,0.99913,0.99913,0.99913,0.99913,0.99913,0.99913,0.99913,0.99913,0.99913,0.99913,0.99913,0.99913,0.99913,0.99913,0.99913,0.99913,0.99913,0.99913,0.99913,0.99913,0.99913,0.99913,0.99913,0.99913,0.99913,0.99913,0.99913,0.99913,0.99913,0.99913,0.99913,0.99913,0.99913,0.99913,0.99912,0.99912,0.99912,0.99912,0.99912,0.99912,0.99912,0.99912,0.99912,0.99912,0.99912,0.99912,0.99912,0.99911,0.99911,0.99911,0.99911,0.99911,0.99911,0.99911,0.99911,0.9991,0.9991,0.9991,0.9991,0.9991,0.99909,0.99909,0.99909,0.99908,0.99908,0.99908,0.99907,0.99907,0.99907,0.99906,0.99906,0.99905,0.99905,0.99904,0.99904,0.99903,0.99902,0.99902,0.99901,0.999,0.99899,0.99899,0.99898,0.99897,0.99896,0.99895,0.99893,0.99892,0.99891,0.9989,0.99888,0.99887,0.99885,0.99883,0.99882,0.9988,0.99878,0.99876,0.99873,0.99871,0.99869,0.99866,0.99863,0.99861,0.99857,0.99854,0.99851,0.99847,0.99844,0.9984,0.99836,0.99832,0.99827,0.99822,0.99817,0.99812,0.99807,0.99801,0.99795,0.99789,0.99783,0.99776,0.99769,0.99761,0.99753,0.99745,0.99737,0.99728,0.99719,0.9971,0.997,0.99689,0.99679,0.99667,0.99656,0.99644,0.99631,0.99619,0.99605,0.99591,0.99577,0.99562,0.99547,0.99531,0.99514,0.99497,0.9948,0.99462,0.99443,0.99424,0.99404,0.99383,0.99362,0.99341,0.99318,0.99295,0.99272,0.99247,0.99222,0.99197,0.9917,0.99143,0.99115,0.99087,0.99057,0.99027,0.98996,0.98964,0.98931,0.98898,0.98863,0.98827,0.98791,0.98753,0.98715,0.98675,0.98634,0.98591,0.98548,0.98503,0.98456,0.98408,0.98359,0.98307,0.98254,0.98198,0.9814,0.9808,0.98017,0.97952,0.97883,0.97811,0.97735,0.97654,0.97569,0.97479,0.97383,0.9728,0.97169,0.97049,0.96919,0.96777,0.9662,0.96446,0.96251,0.96029,0.95775,0.95479,0.95126,0.94695,1
0,0.0001,0.00011168,0.00012458,0.00013878,0.00015436,0.00017142,0.00019003,0.00021025,0.00014323,0.00010508,7.7066e-05,5.6502e-05,4.1416e-05,3.0352e-05,2.2241e-05,1.6295e-05,1.1938e-05,8.7453e-06,6.406e-06,4.6922e-06,3.4367e-06,2.517e-06,1.8433e-06,1.3499e-06,9.8856e-07,7.239e-07,5.3007e-07,3.8813e-07,2.8418e-07,2.0807e-07,1.5233e-07,1.1153e-07,8.1646e-08,5.977e-08,4.3753e-08,5.5713e-08,5.9939e-08,6.4474e-08,6.9342e-08,7.4565e-08,8.0169e-08,8.6181e-08,9.2629e-08,9.9543e-08,1.0696e-07,1.149e-07,1.2342e-07,1.3255e-07,1.4233e-07,1.5281e-07,1.6403e-07,1.7605e-07,1.8892e-07,2.0269e-07,2.1744e-07,2.3322e-07,2.5011e-07,2.6817e-07,2.875e-07,3.0816e-07,3.3026e-07,3.5389e-07,3.7914e-07,4.0614e-07,4.3498e-07,4.6579e-07,4.9871e-07,5.3386e-07,5.714e-07,6.1147e-07,6.5425e-07,6.9991e-07,7.4863e-07,8.006e-07,8.5604e-07,9.1517e-07,9.7822e-07,1.0454e-06,1.1171e-06,1.1935e-06,1.2748e-06,1.3615e-06,1.4538e-06,1.5521e-06,1.6568e-06,1.7683e-06,1.8869e-06,2.0131e-06,2.1474e-06,2.2902e-06,2.4421e-06,2.6037e-06,2.7754e-06,2.9579e-06,3.1518e-06,3.3579e-06,3.5768e-06,3.8093e-06,4.0561e-06,4.3181e-06,4.5962e-06,4.8912e-06,5.2042e-06,5.5362e-06,5.8883e-06,6.2615e-06,6.657e-06,7.0762e-06,7.5202e-06,7.9905e-06,8.4885e-06,9.0156e-06,9.5735e-06,1.0164e-05,1.0788e-05,1.1448e-05,1.2146e-05,1.2884e-05,1.3664e-05,1.4487e-05,1.5356e-05,1.6274e-05,1.7243e-05,1.8265e-05,1.9343e-05,2.0479e-05,2.1677e-05,2.2939e-05,2.4268e-05,2.5667e-05,2.714e-05,2.8689e-05,3.0319e-05,3.2032e-05,3.3832e-05,3.5723e-05,3.7709e-05,3.9793e-05,4.1979e-05,4.4272e-05,4.6675e-05,4.9193e-05,5.1829e-05,5.4588e-05,5.7475e-05,6.0493e-05,6.3647e-05,6.6941e-05,7.038e-05,7.3968e-05,7.7709e-05,8.1608e-05,8.5668e-05,8.9895e-05,9.4292e-05,9.8863e-05,0.00010361,0.00010854,0.00011366,0.00011896,0.00012446,0.00013015,0.00013604,0.00014214,0.00014843,0.00015493,0.00016164,0.00016855,0.00017568,0.00018301,0.00019056,0.00019832,0.0002063,0.00021448,0.00022288,0.00023149,0.00024031,0.00024935,0.00025859,0.00026804,0.0002777,0.00028756,0.00029763,0.0003079,0.00031837,0.00032904,0.00033992,0.00035099,0.00036227,0.00037374,0.00038542,0.0003973,0.00040939,0.00042169,0.0004342,0.00044694,0.0004599,0.0004731,0.00048654,0.00050025,0.00051423,0.00052849,0.00054306,0.00055797,0.00057322,0.00058885,0.00060489,0.00062137,0.00063834,0.00065583,0.00067389,0.00069258,0.00071195,0.00073208,0.00075304,0.0007749,0.00079777,0.00082176,0.00084697,0.00087354,0.00090162,0.00093138,0.00096301,0.00099673,0.0010328,0.0010715,0.0011131,0.0011581,0.0012068,0.0012598,0.0013177,0.0013811,0.001451,0.0015282,0.0016141,0.00171,0.0018178,0.0019395,0.002078,0.0022367,0.0024199,0.0026334,0.0028845,0.0031833,0.0035435,0.0039841,0.0045329,0.0052312,0.0061436,0.0073778,0
0,0,4.99e-05,0.00010563,0.0001678,0.00023705,0.00031407,0.00039961,0.00049444,0.00059936,0.00067083,0.00072326,0.00076172,0.00078991,0.00081058,0.00082573,0.00083682,0.00084496,0.00085091,0.00085528,0.00085847,0.00086081,0.00086253,0.00086378,0.0008647,0.00086538,0.00086587,0.00086623,0.0008665,0.00086669,0.00086683,0.00086694,0.00086701,0.00086707,0.00086711,0.00086714,0.00086716,0.00086719,0.00086722,0.00086725,0.00086729,0.00086732,0.00086736,0.00086741,0.00086745,0.0008675,0.00086755,0.00086761,0.00086767,0.00086774,0.00086781,0.00086789,0.00086797,0.00086806,0.00086815,0.00086825,0.00086836,0.00086848,0.0008686,0.00086874,0.00086888,0.00086903,0.0008692,0.00086937,0.00086956,0.00086977,0.00086998,0.00087022,0.00087046,0.00087073,0.00087102,0.00087132,0.00087165,0.000872,0.00087237,0.00087277,0.0008732,0.00087365,0.00087414,0.00087466,0.00087522,0.00087582,0.00087645,0.00087713,0.00087786,0.00087863,0.00087946,0.00088034,0.00088128,0.00088229,0.00088336,0.0008845,0.00088572,0.00088702,0.0008884,0.00088988,0.00089145,0.00089313,0.00089491,0.00089681,0.00089884,0.00090099,0.00090329,0.00090573,0.00090832,0.00091109,0.00091402,0.00091715,0.00092047,0.000924,0.00092775,0.00093174,0.00093598,0.00094048,0.00094525,0.00095033,0.00095571,0.00096142,0.00096748,0.00097391,0.00098073,0.00098796,0.00099562,0.0010037,0.0010123,0.0010215,0.0010311,0.0010413,0.0010521,0.0010636,0.0010757,0.0010885,0.0011021,0.0011164,0.0011315,0.0011475,0.0011644,0.0011822,0.001201,0.0012209,0.0012418,0.0012639,0.0012872,0.0013117,0.0013376,0.0013648,0.0013935,0.0014237,0.0014555,0.0014889,0.001524,0.0015609,0.0015997,0.0016404,0.0016832,0.001728,0.0017751,0.0018244,0.0018761,0.0019303,0.001987,0.0020463,0.0021084,0.0021734,0.0022413,0.0023122,0.0023863,0.0024636,0.0025442,0.0026283,0.002716,0.0028073,0.0029024,0.0030014,0.0031043,0.0032114,0.0033226,0.0034381,0.003558,0.0036824,0.0038115,0.0039452,0.0040838,0.0042273,0.0043758,0.0045294,0.0046883,0.0048525,0.0050221,0.0051972,0.005378,0.0055645,0.0057568,0.0059551,0.0061594,0.0063698,0.0065865,0.0068095,0.007039,0.0072751,0.0075178,0.0077675,0.0080241,0.0082878,0.0085588,0.0088372,0.0091232,0.0094171,0.0097189,0.010029,0.010348,0.010675,0.011011,0.011357,0.011712,0.012077,0.012453,0.01284,0.013238,0.013648,0.01407,0.014506,0.014956,0.015421,0.015902,0.016399,0.016914,0.017449,0.018004,0.018582,0.019184,0.019813,0.020471,0.02116,0.021884,0.022646,0.023452,0.024305,0.025212,0.02618,0.027217,0.028333,0.029541,0.030855,0.032294,0.033882,0.035651,0.037639,0.039901,0.042511,0.045577,0
0,0,1e-07,2.1168e-07,3.3626e-07,4.7504e-07,6.2941e-07,8.0083e-07,9.9086e-07,1.2011e-06,1.3443e-06,1.4494e-06,1.5265e-06,1.583e-06,1.6244e-06,1.6548e-06,1.677e-06,1.6933e-06,1.7052e-06,1.714e-06,1.7204e-06,1.7251e-06,1.7285e-06,1.731e-06,1.7329e-06,1.7342e-06,1.7352e-06,1.7359e-06,1.7365e-06,1.7369e-06,1.7371e-06,1.7373e-06,1.7375e-06,1.7376e-06,1.7377e-06,1.7378e-06,1.7378e-06,1.7379e-06,1.7379e-06,1.738e-06,1.738e-06,1.7381e-06,1.7382e-06,1.7383e-06,1.7384e-06,1.7385e-06,1.7386e-06,1.7387e-06,1.7388e-06,1.739e-06,1.7391e-06,1.7393e-06,1.7394e-06,1.7396e-06,1.7398e-06,1.74e-06,1.7402e-06,1.7404e-06,1.7407e-06,1.741e-06,1.7412e-06,1.7415e-06,1.7419e-06,1.7422e-06,1.7426e-06,1.743e-06,1.7435e-06,1.7439e-06,1.7444e-06,1.745e-06,1.7455e-06,1.7461e-06,1.7468e-06,1.7475e-06,1.7482e-06,1.749e-06,1.7499e-06,1.7508e-06,1.7518e-06,1.7528e-06,1.7539e-06,1.7551e-06,1.7564e-06,1.7578e-06,1.7592e-06,1.7608e-06,1.7624e-06,1.7642e-06,1.7661e-06,1.7681e-06,1.7703e-06,1.7725e-06,1.775e-06,1.7776e-06,1.7804e-06,1.7833e-06,1.7865e-06,1.7898e-06,1.7934e-06,1.7972e-06,1.8013e-06,1.8056e-06,1.8102e-06,1.8151e-06,1.8203e-06,1.8258e-06,1.8317e-06,1.838e-06,1.8446e-06,1.8517e-06,1.8592e-06,1.8672e-06,1.8757e-06,1.8847e-06,1.8943e-06,1.9045e-06,1.9152e-06,1.9267e-06,1.9388e-06,1.9517e-06,1.9654e-06,1.9799e-06,1.9952e-06,2.0115e-06,2.0288e-06,2.047e-06,2.0664e-06,2.0868e-06,2.1085e-06,2.1315e-06,2.1557e-06,2.1814e-06,2.2085e-06,2.2372e-06,2.2675e-06,2.2996e-06,2.3334e-06,2.3691e-06,2.4068e-06,2.4466e-06,2.4886e-06,2.5329e-06,2.5796e-06,2.6287e-06,2.6806e-06,2.7352e-06,2.7926e-06,2.8531e-06,2.9168e-06,2.9837e-06,3.0541e-06,3.1281e-06,3.2058e-06,3.2874e-06,3.373e-06,3.4629e-06,3.5572e-06,3.6561e-06,3.7597e-06,3.8683e-06,3.9819e-06,4.1009e-06,4.2253e-06,4.3555e-06,4.4915e-06,4.6337e-06,4.7821e-06,4.937e-06,5.0987e-06,5.2672e-06,5.4429e-06,5.6259e-06,5.8165e-06,6.0148e-06,6.2211e-06,6.4356e-06,6.6585e-06,6.8899e-06,7.1303e-06,7.3796e-06,7.6382e-06,7.9062e-06,8.1839e-06,8.4715e-06,8.7691e-06,9.077e-06,9.3954e-06,9.7244e-06,1.0064e-05,1.0415e-05,1.0778e-05,1.1151e-05,1.1537e-05,1.1934e-05,1.2343e-05,1.2765e-05,1.3199e-05,1.3646e-05,1.4106e-05,1.4579e-05,1.5066e-05,1.5566e-05,1.608e-05,1.6609e-05,1.7152e-05,1.771e-05,1.8283e-05,1.8872e-05,1.9477e-05,2.0098e-05,2.0736e-05,2.1392e-05,2.2066e-05,2.2759e-05,2.3471e-05,2.4203e-05,2.4956e-05,2.5731e-05,2.6529e-05,2.735e-05,2.8197e-05,2.9071e-05,2.9972e-05,3.0904e-05,3.1867e-05,3.2864e-05,3.3896e-05,3.4968e-05,3.6081e-05,3.7239e-05,3.8446e-05,3.9706e-05,4.1023e-05,4.2404e-05,4.3855e-05,4.5383e-05,4.6998e-05,4.8708e-05,5.0525e-05,5.2465e-05,5.4543e-05,5.678e-05,5.9199e-05,6.1833e-05,6.4717e-05,6.7901e-05,7.1444e-05,7.5428e-05,7.9961e-05,8.5192e-05,9.1336e-05,0
-0.00089638,-0.00077825,-0.00077752,-0.00077671,-0.00077583,-0.00077487,-0.00077381,-0.00077265,-0.00077139,-0.00085307,-0.00085271,-0.00085244,-0.00085223,-0.00085207,-0.00085195,-0.00085184,-0.00085176,-0.00085169,-0.00085163,-0.00085158,-0.00085153,-0.00085149,-0.00085145,-0.00085141,-0.00085138,-0.00085134,-0.00085131,-0.00085127,-0.00085124,-0.0008512,-0.00085117,-0.00085114,-0.0008511,-0.00085107,-0.00085104,-0.000851,-0.00075525,-0.00075515,-0.00075505,-0.00075495,-0.00075485,-0.00075475,-0.00075465,-0.00075454,-0.00075444,-0.00075434,-0.00075424,-0.00075414,-0.00075404,-0.00075394,-0.00075384,-0.00075373,-0.00075363,-0.00075353,-0.00075343,-0.00075333,-0.00075322,-0.00075312,-0.00075302,-0.00075292,-0.00075281,-0.00075271,-0.00075261,-0.0007525,-0.0007524,-0.0007523,-0.00075219,-0.00075209,-0.00075199,-0.00075188,-0.00075178,-0.00075167,-0.00075157,-0.00075146,-0.00075136,-0.00075125,-0.00075114,-0.00075104,-0.00075093,-0.00075082,-0.00075072,-0.00075061,-0.0007505,-0.00075039,-0.00075028,-0.00075017,-0.00075006,-0.00074995,-0.00074984,-0.00074973,-0.00074962,-0.00074951,-0.00074939,-0.00074928,-0.00074917,-0.00074905,-0.00074894,-0.00074882,-0.0007487,-0.00074859,-0.00074847,-0.00074835,-0.00074823,-0.00074811,-0.00074799,-0.00074786,-0.00074774,-0.00074761,-0.00074749,-0.00074736,-0.00074723,-0.0007471,-0.00074697,-0.00074684,-0.0007467,-0.00074657,-0.00074643,-0.00074629,-0.00074615,-0.00074601,-0.00074586,-0.00074572,-0.00074557,-0.00074542,-0.00074527,-0.00074511,-0.00074496,-0.0007448,-0.00074464,-0.00074447,-0.00074431,-0.00074414,-0.00074396,-0.00074379,-0.00074361,-0.00074343,-0.00074325,-0.00074306,-0.00074287,-0.00074268,-0.00074248,-0.00074228,-0.00074208,-0.00074187,-0.00074166,-0.00074145,-0.00074123,-0.00074101,-0.00074079,-0.00074056,-0.00074033,-0.00074009,-0.00073985,-0.00073961,-0.00073936,-0.00073911,-0.00073886,-0.0007386,-0.00073834,-0.00073808,-0.00073781,-0.00073754,-0.00073727,-0.00073699,-0.00073671,-0.00073643,-0.00073615,-0.00073587,-0.00073558,-0.00073529,-0.000735,-0.00073471,-0.00073442,-0.00073413,-0.00073384,-0.00073356,-0.00073327,-0.00073298,-0.0007327,-0.00073242,-0.00073214,-0.00073187,-0.0007316,-0.00073134,-0.00073108,-0.00073083,-0.00073058,-0.00073035,-0.00073012,-0.0007299,-0.00072969,-0.0007295,-0.00072931,-0.00072914,-0.00072898,-0.00072884,-0.00072871,-0.00072859,-0.0007285,-0.00072842,-0.00072836,-0.00072833,-0.00072831,-0.00072832,-0.00072835,-0.00072841,-0.00072849,-0.00072861,-0.00072875,-0.00072892,-0.00072912,-0.00072936,-0.00072964,-0.00072995,-0.0007303,-0.0007307,-0.00073114,-0.00073163,-0.00073216,-0.00073275,-0.00073339,-0.0007341,-0.00073486,-0.0007357,-0.00073661,-0.00073759,-0.00073866,-0.00073982,-0.00074107,-0.00074244,-0.00074392,-0.00074552,-0.00074727,-0.00074917,-0.00075124,-0.0007535,-0.00075597,-0.00075869,-0.00076168,-0.00076498,-0.00076865,-0.00077273,-0.00077731,-0.00078248,-0.00078835,-0.00079509,-0.00080289,-0.00081204,-0.00082293,-0.00083617,-0.00085266,-0.00089638
-8305,-8233.8,-8234,-8234.2,-8234.4,-8234.6,-8234.9,-8235.1,-8235.3,-8235.5,-8235.6,-8235.6,-8235.7,-8235.7,-8235.8,-8235.8,-8235.9,-8235.9,-8236,-8236,-8236,-8236.1,-8236.1,-8236.2,-8236.2,-8236.3,-8236.3,-8236.4,-8236.4,-8236.5,-8236.5,-8236.6,-8236.6,-8236.7,-8236.7,-8236.8,-8236.8,-8237.1,-8237.4,-8237.6,-8237.9,-8238.2,-8238.4,-8238.7,-8239,-8239.3,-8239.5,-8239.8,-8240.1,-8240.4,-8240.6,-8240.9,-8241.2,-8241.5,-8241.7,-8242,-8242.3,-8242.6,-8242.9,-8243.1,-8243.4,-8243.7,-8244,-8244.3,-8244.5,-8244.8,-8245.1,-8245.4,-8245.7,-8246,-8246.2,-8246.5,-8246.8,-8247.1,-8247.4,-8247.7,-8248,-8248.2,-8248.5,-8248.8,-8249.1,-8249.4,-8249.7,-8250,-8250.3,-8250.6,-8250.9,-8251.2,-8251.4,-8251.7,-8252,-8252.3,-8252.6,-8252.9,-8253.2,-8253.5,-8253.8,-8254.1,-8254.4,-8254.7,-8255,-8255.3,-8255.6,-8255.9,-8256.2,-8256.5,-8256.8,-8257.1,-8257.4,-8257.7,-8258,-8258.3,-8258.6,-8258.9,-8259.2,-8259.6,-8259.9,-8260.2,-8260.5,-8260.8,-8261.1,-8261.4,-8261.7,-8262,-8262.3,-8262.7,-8263,-8263.3,-8263.6,-8263.9,-8264.2,-8264.5,-8264.9,-8265.2,-8265.5,-8265.8,-8266.1,-8266.5,-8266.8,-8267.1,-8267.4,-8267.7,-8268.1,-8268.4,-8268.7,-8269,-8269.4,-8269.7,-8270,-8270.4,-8270.7,-8271,-8271.3,-8271.7,-8272,-8272.3,-8272.7,-8273,-8273.4,-8273.7,-8274,-8274.4,-8274.7,-8275,-8275.4,-8275.7,-8276.1,-8276.4,-8276.8,-8277.1,-8277.5,-8277.8,-8278.2,-8278.5,-8278.9,-8279.2,-8279.6,-8279.9,-8280.3,-8280.6,-8281,-8281.3,-8281.7,-8282.1,-8282.4,-8282.8,-8283.1,-8283.5,-8283.9,-8284.2,-8284.6,-8285,-8285.3,-8285.7,-8286.1,-8286.4,-8286.8,-8287.2,-8287.6,-8287.9,-8288.3,-8288.7,-8289,-8289.4,-8289.8,-8290.2,-8290.5,-8290.9,-8291.3,-8291.7,-8292,-8292.4,-8292.8,-8293.1,-8293.5,-8293.9,-8294.3,-8294.6,-8295,-8295.4,-8295.7,-8296.1,-8296.5,-8296.8,-8297.2,-8297.6,-8297.9,-8298.3,-8298.6,-8299,-8299.3,-8299.7,-8300,-8300.3,-8300.7,-8301,-8301.3,-8301.7,-8302,-8302.3,-8302.6,-8302.9,-8303.1,-8303.4,-8303.7,-8303.9,-8304.1,-8304.4,-8304.6,-8304.7,-8304.9,-8305
16.584,4433.5,3994,3604.6,3259.5,2953.7,2682.8,2443,2230.7,2042.8,2817.7,3876.1,5322,7297.5,9996.3,13684,18722,25606,35013,47867,65433,89438,1.2224e+05,1.6708e+05,2.2836e+05,3.1211e+05,4.2659e+05,5.8306e+05,7.9695e+05,1.0893e+06,1.489e+06,2.0354e+06,2.7825e+06,3.8037e+06,5.2001e+06,7.1092e+06,9.7197e+06,9.0416e+06,8.4122e+06,7.8278e+06,7.2852e+06,6.7813e+06,6.3132e+06,5.8784e+06,5.4744e+06,5.099e+06,4.7501e+06,4.4258e+06,4.1242e+06,3.8439e+06,3.5831e+06,3.3406e+06,3.115e+06,2.9051e+06,2.7098e+06,2.5281e+06,2.3589e+06,2.2013e+06,2.0547e+06,1.9181e+06,1.7909e+06,1.6724e+06,1.562e+06,1.4591e+06,1.3632e+06,1.2738e+06,1.1905e+06,1.1128e+06,1.0404e+06,9.7282e+05,9.0979e+05,8.5099e+05,7.9612e+05,7.4491e+05,6.9711e+05,6.5249e+05,6.1083e+05,5.7193e+05,5.3559e+05,5.0165e+05,4.6993e+05,4.403e+05,4.1261e+05,3.8673e+05,3.6253e+05,3.3991e+05,3.1875e+05,2.9896e+05,2.8045e+05,2.6314e+05,2.4693e+05,2.3177e+05,2.1757e+05,2.0429e+05,1.9185e+05,1.802e+05,1.6928e+05,1.5906e+05,1.4949e+05,1.4051e+05,1.3211e+05,1.2422e+05,1.1683e+05,1.0991e+05,1.0341e+05,97317,91601,86238,81206,76483,72051,67889,63982,60312,56866,53628,50586,47728,45042,42516,40142,37910,35811,33836,31978,30230,28585,27037,25580,24207,22915,21698,20552,19472,18454,17494,16590,15737,14933,14175,13460,12785,12148,11547,10980,10444,9938.4,9460.6,9009.3,8582.8,8179.8,7798.9,7438.7,7098.2,6776.1,6471.4,6183.1,5910.2,5652,5407.4,5175.9,4956.5,4748.7,4551.7,4365,4188,4020.1,3860.9,3709.7,3566.3,3430.1,3300.7,3177.8,3061,2950,2844.4,2743.9,2648.3,2557.3,2470.6,2387.9,2309.2,2234,2162.3,2093.8,2028.3,1965.7,1905.9,1848.6,1793.7,1741,1690.5,1642,1595.3,1550.5,1507.2,1465.6,1425.3,1386.5,1348.8,1312.4,1277.1,1242.7,1209.3,1176.8,1145.1,1114.1,1083.7,1054,1024.8,996.18,967.95,940.13,912.67,885.51,858.62,831.97,805.51,779.22,753.07,727.03,701.07,675.18,649.35,623.54,597.77,572.02,546.28,520.56,494.88,469.22,443.62,418.09,392.66,367.35,342.21,317.27,292.58,268.2,244.18,220.59,197.51,175.02,153.21,132.17,112.01,92.839,74.784,57.977,42.563,28.704,16.584
-8305,-8297.5,-8297.5,-8297.5,-8297.5,-8297.6,-8297.6,-8297.6,-8297.6,-8297.6,-8297.6,-8297.6,-8297.6,-8297.6,-8297.6,-8297.6,-8297.6,-8297.6,-8297.6,-8297.6,-8297.6,-8297.6,-8297.6,-8297.6,-8297.6,-8297.6,-8297.6,-8297.6,-8297.6,-8297.6,-8297.6,-8297.6,-8297.6,-8297.6,-8297.6,-8297.6,-8297.6,-8297.6,-8297.6,-8297.7,-8297.7,-8297.7,-8297.8,-8297.8,-8297.8,-8297.8,-8297.9,-8297.9,-8297.9,-8297.9,-8298,-8298,-8298,-8298.1,-8298.1,-8298.1,-8298.1,-8298.2,-8298.2,-8298.2,-8298.3,-8298.3,-8298.3,-8298.3,-8298.4,-8298.4,-8298.4,-8298.5,-8298.5,-8298.5,-8298.5,-8298.6,-8298.6,-8298.6,-8298.7,-8298.7,-8298.7,-8298.8,-8298.8,-8298.8,-8298.8,-8298.9,-8298.9,-8298.9,-8299,-8299,-8299,-8299.1,-8299.1,-8299.1,-8299.1,-8299.2,-8299.2,-8299.2,-8299.3,-8299.3,-8299.3,-8299.4,-8299.4,-8299.4,-8299.5,-8299.5,-8299.5,-8299.6,-8299.6,-8299.6,-8299.6,-8299.7,-8299.7,-8299.7,-8299.8,-8299.8,-8299.8,-8299.9,-8299.9,-8299.9,-8300,-8300,-8300,-8300.1,-8300.1,-8300.1,-8300.2,-8300.2,-8300.2,-8300.3,-8300.3,-8300.3,-8300.4,-8300.4,-8300.4,-8300.5,-8300.5,-8300.5,-8300.6,-8300.6,-8300.6,-8300.7,-8300.7,-8300.7,-8300.8,-8300.8,-8300.9,-8300.9,-8300.9,-8301,-8301,-8301,-8301.1,-8301.1,-8301.1,-8301.2,-8301.2,-8301.3,-8301.3,-8301.3,-8301.4,-8301.4,-8301.4,-8301.5,-8301.5,-8301.6,-8301.6,-8301.6,-8301.7,-8301.7,-8301.7,-8301.8,-8301.8,-8301.9,-8301.9,-8301.9,-8302,-8302,-8302.1,-8302.1,-8302.1,-8302.2,-8302.2,-8302.3,-8302.3,-8302.3,-8302.4,-8302.4,-8302.5,-8302.5,-8302.6,-8302.6,-8302.6,-8302.7,-8302.7,-8302.8,-8302.8,-8302.9,-8302.9,-8302.9,-8303,-8303,-8303.1,-8303.1,-8303.2,-8303.2,-8303.2,-8303.3,-8303.3,-8303.4,-8303.4,-8303.5,-8303.5,-8303.6,-8303.6,-8303.6,-8303.7,-8303.7,-8303.8,-8303.8,-8303.9,-8303.9,-8303.9,-8304,-8304,-8304.1,-8304.1,-8304.2,-8304.2,-8304.2,-8304.3,-8304.3,-8304.4,-8304.4,-8304.4,-8304.5,-8304.5,-8304.5,-8304.6,-8304.6,-8304.6,-8304.7,-8304.7,-8304.7,-8304.8,-8304.8,-8304.8,-8304.8,-8304.9,-8304.9,-8304.9,-8304.9,-8304.9,-8304.9,-8305,-8305
6.5172,6.4935,6.4932,6.4929,6.4926,6.4923,6.4919,6.4914,6.4909,6.5133,6.5133,6.5132,6.5132,6.5132,6.5132,6.5131,6.5131,6.5131,6.5131,6.5131,6.5131,6.5131,6.5131,6.5131,6.5131,6.5131,6.5131,6.513,6.513,6.513,6.513,6.513,6.513,6.513,6.513,6.513,6.4844,6.4843,6.4843,6.4843,6.4842,6.4842,6.4841,6.4841,6.484,6.484,6.484,6.4839,6.4839,6.4838,6.4838,6.4837,6.4837,6.4836,6.4836,6.4836,6.4835,6.4835,6.4834,6.4834,6.4833,6.4833,6.4832,6.4832,6.4832,6.4831,6.4831,6.483,6.483,6.4829,6.4829,6.4828,6.4828,6.4827,6.4827,6.4827,6.4826,6.4826,6.4825,6.4825,6.4824,6.4824,6.4823,6.4823,6.4822,6.4822,6.4821,6.4821,6.482,6.482,6.4819,6.4819,6.4818,6.4818,6.4817,6.4817,6.4816,6.4816,6.4815,6.4815,6.4814,6.4814,6.4813,6.4813,6.4812,6.4811,6.4811,6.481,6.481,6.4809,6.4809,6.4808,6.4807,6.4807,6.4806,6.4806,6.4805,6.4804,6.4804,6.4803,6.4802,6.4802,6.4801,6.48,6.48,6.4799,6.4798,6.4798,6.4797,6.4796,6.4795,6.4795,6.4794,6.4793,6.4792,6.4791,6.479,6.479,6.4789,6.4788,6.4787,6.4786,6.4785,6.4784,6.4783,6.4782,6.4781,6.478,6.4779,6.4778,6.4777,6.4776,6.4775,6.4773,6.4772,6.4771,6.477,6.4769,6.4767,6.4766,6.4765,6.4764,6.4762,6.4761,6.476,6.4758,6.4757,6.4755,6.4754,6.4753,6.4751,6.475,6.4748,6.4747,6.4746,6.4744,6.4743,6.4741,6.474,6.4739,6.4737,6.4736,6.4735,6.4733,6.4732,6.4731,6.473,6.4728,6.4727,6.4726,6.4725,6.4724,6.4723,6.4722,6.4721,6.4721,6.472,6.472,6.4719,6.4719,6.4718,6.4718,6.4718,6.4718,6.4718,6.4719,6.4719,6.472,6.472,6.4721,6.4722,6.4723,6.4725,6.4726,6.4728,6.473,6.4732,6.4735,6.4737,6.474,6.4743,6.4747,6.4751,6.4755,6.4759,6.4764,6.4769,6.4774,6.478,6.4787,6.4794,6.4801,6.4809,6.4817,6.4826,6.4836,6.4847,6.4858,6.4871,6.4884,6.4899,6.4915,6.4932,6.495,6.4971,6.4993,6.5017,6.5043,6.5072,6.5102,6.5133,6.5172
557.8,571.23,570.98,570.7,570.38,570.04,569.65,569.23,568.76,579.99,580.06,580.11,580.15,580.19,580.21,580.23,580.24,580.26,580.27,580.28,580.29,580.3,580.3,580.31,580.32,580.32,580.33,580.34,580.34,580.35,580.36,580.36,580.37,580.37,580.38,580.39,562.21,562.17,562.13,562.08,562.04,562,561.95,561.91,561.86,561.82,561.78,561.73,561.69,561.64,561.6,561.55,561.51,561.47,561.42,561.38,561.33,561.29,561.24,561.19,561.15,561.1,561.06,561.01,560.97,560.92,560.88,560.83,560.78,560.74,560.69,560.64,560.6,560.55,560.5,560.46,560.41,560.36,560.31,560.26,560.22,560.17,560.12,560.07,560.02,559.97,559.92,559.87,559.82,559.77,559.72,559.67,559.62,559.57,559.52,559.47,559.41,559.36,559.31,559.26,559.2,559.15,559.09,559.04,558.98,558.93,558.87,558.81,558.75,558.7,558.64,558.58,558.52,558.46,558.39,558.33,558.27,558.2,558.14,558.07,558.01,557.94,557.87,557.8,557.73,557.66,557.59,557.51,557.44,557.36,557.28,557.2,557.12,557.04,556.96,556.87,556.79,556.7,556.61,556.52,556.43,556.33,556.23,556.14,556.04,555.94,555.83,555.73,555.62,555.51,555.4,555.29,555.17,555.06,554.94,554.82,554.69,554.57,554.44,554.32,554.19,554.06,553.92,553.79,553.65,553.52,553.38,553.24,553.1,552.96,552.81,552.67,552.53,552.38,552.24,552.1,551.95,551.81,551.67,551.53,551.39,551.26,551.12,550.99,550.86,550.73,550.61,550.49,550.37,550.26,550.16,550.06,549.97,549.88,549.8,549.72,549.66,549.6,549.55,549.51,549.48,549.47,549.46,549.46,549.48,549.51,549.55,549.61,549.68,549.77,549.87,549.99,550.13,550.29,550.47,550.67,550.89,551.13,551.4,551.7,552.02,552.37,552.74,553.16,553.6,554.08,554.6,555.16,555.76,556.4,557.1,557.85,558.65,559.52,560.45,561.45,562.53,563.69,564.93,566.27,567.71,569.26,570.91,572.66,574.51,576.42,578.32,580.1,581.47,581.89,580.07,557.8
557.8,397.35,396.7,395.98,395.19,394.34,393.41,392.39,391.29,481.71,481.19,480.8,480.51,480.28,480.1,479.95,479.83,479.73,479.65,479.57,479.51,479.45,479.39,479.33,479.28,479.23,479.18,479.13,479.08,479.03,478.99,478.94,478.89,478.84,478.8,478.75,377.75,377.66,377.58,377.5,377.42,377.34,377.26,377.18,377.09,377.01,376.93,376.85,376.77,376.69,376.6,376.52,376.44,376.36,376.28,376.19,376.11,376.03,375.95,375.86,375.78,375.7,375.62,375.53,375.45,375.37,375.28,375.2,375.12,375.03,374.95,374.86,374.78,374.7,374.61,374.53,374.44,374.36,374.27,374.19,374.1,374.02,373.93,373.84,373.76,373.67,373.58,373.5,373.41,373.32,373.23,373.14,373.05,372.96,372.87,372.78,372.69,372.6,372.51,372.41,372.32,372.23,372.13,372.04,371.94,371.84,371.75,371.65,371.55,371.45,371.35,371.24,371.14,371.04,370.93,370.82,370.72,370.61,370.5,370.39,370.27,370.16,370.04,369.93,369.81,369.69,369.57,369.44,369.32,369.19,369.06,368.93,368.79,368.66,368.52,368.38,368.24,368.09,367.95,367.8,367.65,367.49,367.34,367.18,367.02,366.85,366.68,366.51,366.34,366.17,365.99,365.81,365.63,365.44,365.25,365.06,364.87,364.67,364.47,364.27,364.07,363.87,363.66,363.45,363.24,363.03,362.81,362.6,362.38,362.17,361.95,361.73,361.51,361.3,361.08,360.86,360.65,360.44,360.23,360.02,359.81,359.61,359.41,359.21,359.02,358.83,358.65,358.48,358.31,358.15,358,357.85,357.71,357.59,357.47,357.36,357.27,357.19,357.12,357.06,357.02,356.99,356.98,356.98,357.01,357.05,357.11,357.19,357.3,357.43,357.58,357.75,357.96,358.19,358.45,358.74,359.06,359.43,359.82,360.26,360.74,361.27,361.85,362.47,363.16,363.9,364.72,365.6,366.56,367.61,368.76,370.01,371.37,372.87,374.52,376.33,378.33,380.55,383.03,385.8,388.92,392.46,396.51,401.19,406.65,413.12,420.93,430.54,442.73,458.78,481.12,557.8
1115.6,968.59,967.67,966.68,965.58,964.38,963.06,961.62,960.05,1061.7,1061.3,1060.9,1060.7,1060.5,1060.3,1060.2,1060.1,1060,1059.9,1059.9,1059.8,1059.7,1059.7,1059.6,1059.6,1059.6,1059.5,1059.5,1059.4,1059.4,1059.3,1059.3,1059.3,1059.2,1059.2,1059.1,939.96,939.84,939.71,939.59,939.46,939.34,939.21,939.08,938.96,938.83,938.71,938.58,938.45,938.33,938.2,938.08,937.95,937.82,937.7,937.57,937.44,937.31,937.19,937.06,936.93,936.8,936.67,936.55,936.42,936.29,936.16,936.03,935.9,935.77,935.64,935.51,935.38,935.25,935.11,934.98,934.85,934.72,934.59,934.45,934.32,934.18,934.05,933.91,933.78,933.64,933.51,933.37,933.23,933.09,932.95,932.82,932.67,932.53,932.39,932.25,932.11,931.96,931.82,931.67,931.52,931.37,931.22,931.07,930.92,930.77,930.61,930.46,930.3,930.14,929.98,929.82,929.66,929.49,929.33,929.16,928.99,928.81,928.64,928.46,928.28,928.1,927.91,927.73,927.54,927.35,927.15,926.95,926.75,926.55,926.34,926.13,925.92,925.7,925.48,925.25,925.03,924.79,924.56,924.32,924.07,923.82,923.57,923.31,923.05,922.79,922.52,922.24,921.96,921.68,921.39,921.1,920.8,920.5,920.19,919.88,919.56,919.24,918.92,918.59,918.26,917.92,917.58,917.24,916.89,916.54,916.19,915.84,915.48,915.12,914.76,914.4,914.04,913.68,913.32,912.96,912.6,912.25,911.9,911.55,911.2,910.86,910.53,910.2,909.88,909.57,909.26,908.97,908.68,908.41,908.15,907.91,907.68,907.46,907.27,907.09,906.93,906.79,906.67,906.57,906.5,906.46,906.44,906.45,906.49,906.56,906.66,906.8,906.98,907.19,907.45,907.74,908.09,908.48,908.92,909.41,909.95,910.56,911.23,911.96,912.76,913.64,914.59,915.63,916.76,917.98,919.31,920.76,922.32,924.02,925.86,927.85,930.03,932.39,934.96,937.78,940.86,944.24,947.96,952.07,956.63,961.72,967.42,973.85,981.16,989.54,999.25,1010.6,1024.2,1040.7,1061.2,1115.6
6.2229e+05,4.1683e+05,4.1592e+05,4.1494e+05,4.1385e+05,4.1267e+05,4.1138e+05,4.0997e+05,4.0844e+05,5.267e+05,5.2605e+05,5.2556e+05,5.2519e+05,5.249e+05,5.2468e+05,5.2449e+05,5.2435e+05,5.2422e+05,5.2412e+05,5.2402e+05,5.2394e+05,5.2386e+05,5.2379e+05,5.2372e+05,5.2365e+05,5.2359e+05,5.2353e+05,5.2347e+05,5.2341e+05,5.2335e+05,5.2329e+05,5.2323e+05,5.2317e+05,5.2311e+05,5.2305e+05,5.2299e+05,3.8942e+05,3.893e+05,3.8919e+05,3.8907e+05,3.8896e+05,3.8884e+05,3.8873e+05,3.8861e+05,3.8849e+05,3.8838e+05,3.8826e+05,3.8815e+05,3.8803e+05,3.8791e+05,3.878e+05,3.8768e+05,3.8757e+05,3.8745e+05,3.8733e+05,3.8721e+05,3.871e+05,3.8698e+05,3.8686e+05,3.8675e+05,3.8663e+05,3.8651e+05,3.8639e+05,3.8628e+05,3.8616e+05,3.8604e+05,3.8592e+05,3.858e+05,3.8568e+05,3.8556e+05,3.8545e+05,3.8533e+05,3.8521e+05,3.8509e+05,3.8497e+05,3.8485e+05,3.8472e+05,3.846e+05,3.8448e+05,3.8436e+05,3.8424e+05,3.8412e+05,3.8399e+05,3.8387e+05,3.8375e+05,3.8362e+05,3.835e+05,3.8337e+05,3.8325e+05,3.8312e+05,3.83e+05,3.8287e+05,3.8274e+05,3.8261e+05,3.8248e+05,3.8235e+05,3.8222e+05,3.8209e+05,3.8196e+05,3.8183e+05,3.817e+05,3.8156e+05,3.8143e+05,3.8129e+05,3.8115e+05,3.8101e+05,3.8087e+05,3.8073e+05,3.8059e+05,3.8045e+05,3.803e+05,3.8016e+05,3.8001e+05,3.7986e+05,3.7971e+05,3.7956e+05,3.794e+05,3.7925e+05,3.7909e+05,3.7893e+05,3.7877e+05,3.786e+05,3.7844e+05,3.7827e+05,3.781e+05,3.7793e+05,3.7775e+05,3.7757e+05,3.7739e+05,3.7721e+05,3.7702e+05,3.7684e+05,3.7664e+05,3.7645e+05,3.7625e+05,3.7605e+05,3.7585e+05,3.7564e+05,3.7543e+05,3.7521e+05,3.75e+05,3.7477e+05,3.7455e+05,3.7432e+05,3.7409e+05,3.7385e+05,3.7361e+05,3.7337e+05,3.7312e+05,3.7287e+05,3.7261e+05,3.7235e+05,3.7209e+05,3.7182e+05,3.7155e+05,3.7127e+05,3.7099e+05,3.7071e+05,3.7042e+05,3.7013e+05,3.6984e+05,3.6954e+05,3.6925e+05,3.6894e+05,3.6864e+05,3.6833e+05,3.6802e+05,3.6771e+05,3.674e+05,3.6709e+05,3.6677e+05,3.6646e+05,3.6614e+05,3.6583e+05,3.6551e+05,3.652e+05,3.6489e+05,3.6458e+05,3.6427e+05,3.6397e+05,3.6367e+05,3.6337e+05,3.6308e+05,3.628e+05,3.6252e+05,3.6225e+05,3.6199e+05,3.6173e+05,3.6149e+05,3.6125e+05,3.6103e+05,3.6082e+05,3.6062e+05,3.6043e+05,3.6026e+05,3.6011e+05,3.5997e+05,3.5985e+05,3.5975e+05,3.5967e+05,3.5961e+05,3.5957e+05,3.5955e+05,3.5956e+05,3.5959e+05,3.5965e+05,3.5974e+05,3.5986e+05,3.6002e+05,3.602e+05,3.6042e+05,3.6068e+05,3.6097e+05,3.6131e+05,3.6169e+05,3.6211e+05,3.6259e+05,3.6311e+05,3.6369e+05,3.6433e+05,3.6502e+05,3.6579e+05,3.6662e+05,3.6753e+05,3.6852e+05,3.696e+05,3.7077e+05,3.7205e+05,3.7343e+05,3.7494e+05,3.7659e+05,3.7838e+05,3.8034e+05,3.8248e+05,3.8483e+05,3.8741e+05,3.9025e+05,3.9339e+05,3.9688e+05,4.0078e+05,4.0514e+05,4.1007e+05,4.1567e+05,4.221e+05,4.2955e+05,4.3829e+05,4.4872e+05,4.6142e+05,4.7727e+05,4.9783e+05,5.2596e+05,6.2229e+05
8.8818e-16,-0.13648,-0.13733,-0.13825,-0.13926,-0.14038,-0.14159,-0.14292,-0.14438,-0.049681,-0.050097,-0.050411,-0.050651,-0.050837,-0.050984,-0.051101,-0.051197,-0.051277,-0.051346,-0.051407,-0.051461,-0.051512,-0.051558,-0.051603,-0.051646,-0.051687,-0.051728,-0.051768,-0.051808,-0.051847,-0.051886,-0.051925,-0.051963,-0.052002,-0.052041,-0.052079,-0.1629,-0.16302,-0.16313,-0.16325,-0.16336,-0.16348,-0.16359,-0.16371,-0.16382,-0.16394,-0.16405,-0.16417,-0.16429,-0.1644,-0.16452,-0.16464,-0.16475,-0.16487,-0.16499,-0.1651,-0.16522,-0.16534,-0.16545,-0.16557,-0.16569,-0.16581,-0.16593,-0.16604,-0.16616,-0.16628,-0.1664,-0.16652,-0.16664,-0.16676,-0.16688,-0.167,-0.16712,-0.16724,-0.16736,-0.16748,-0.1676,-0.16772,-0.16785,-0.16797,-0.16809,-0.16821,-0.16834,-0.16846,-0.16859,-0.16871,-0.16884,-0.16896,-0.16909,-0.16922,-0.16935,-0.16947,-0.1696,-0.16973,-0.16986,-0.16999,-0.17013,-0.17026,-0.17039,-0.17053,-0.17066,-0.1708,-0.17094,-0.17107,-0.17121,-0.17135,-0.1715,-0.17164,-0.17178,-0.17193,-0.17208,-0.17222,-0.17237,-0.17253,-0.17268,-0.17284,-0.17299,-0.17315,-0.17331,-0.17347,-0.17364,-0.17381,-0.17398,-0.17415,-0.17432,-0.1745,-0.17468,-0.17486,-0.17504,-0.17523,-0.17542,-0.17561,-0.17581,-0.17601,-0.17621,-0.17642,-0.17663,-0.17684,-0.17706,-0.17728,-0.1775,-0.17773,-0.17796,-0.1782,-0.17844,-0.17868,-0.17893,-0.17918,-0.17944,-0.1797,-0.17997,-0.18023,-0.18051,-0.18079,-0.18107,-0.18135,-0.18164,-0.18194,-0.18223,-0.18253,-0.18284,-0.18315,-0.18346,-0.18377,-0.18409,-0.18441,-0.18473,-0.18506,-0.18539,-0.18571,-0.18604,-0.18637,-0.18671,-0.18704,-0.18737,-0.1877,-0.18802,-0.18835,-0.18867,-0.18899,-0.18931,-0.18962,-0.18993,-0.19023,-0.19052,-0.19081,-0.19108,-0.19135,-0.19161,-0.19186,-0.1921,-0.19232,-0.19254,-0.19273,-0.19291,-0.19308,-0.19323,-0.19335,-0.19346,-0.19355,-0.19362,-0.19366,-0.19368,-0.19367,-0.19363,-0.19357,-0.19347,-0.19334,-0.19318,-0.19299,-0.19276,-0.19248,-0.19217,-0.19181,-0.19141,-0.19096,-0.19046,-0.18991,-0.1893,-0.18863,-0.1879,-0.1871,-0.18622,-0.18527,-0.18424,-0.18311,-0.1819,-0.18057,-0.17914,-0.17759,-0.1759,-0.17406,-0.17207,-0.1699,-0.16753,-0.16495,-0.16211,-0.159,-0.15557,-0.15178,-0.14758,-0.14288,-0.13761,-0.13166,-0.12489,-0.11711,-0.10809,-0.097482,-0.084826,-0.069431,-0.05024,8.8818e-16
0,-0.13178,-0.1326,-0.1335,-0.13448,-0.13556,-0.13674,-0.13803,-0.13944,-0.048319,-0.048718,-0.049019,-0.04925,-0.049428,-0.049568,-0.049681,-0.049773,-0.04985,-0.049916,-0.049974,-0.050027,-0.050075,-0.05012,-0.050162,-0.050204,-0.050243,-0.050282,-0.050321,-0.050359,-0.050396,-0.050434,-0.050471,-0.050508,-0.050545,-0.050582,-0.050619,-0.15744,-0.15756,-0.15767,-0.15778,-0.15789,-0.158,-0.15812,-0.15823,-0.15834,-0.15845,-0.15857,-0.15868,-0.15879,-0.15891,-0.15902,-0.15913,-0.15925,-0.15936,-0.15947,-0.15959,-0.1597,-0.15982,-0.15993,-0.16004,-0.16016,-0.16027,-0.16039,-0.1605,-0.16062,-0.16074,-0.16085,-0.16097,-0.16108,-0.1612,-0.16132,-0.16143,-0.16155,-0.16167,-0.16179,-0.16191,-0.16202,-0.16214,-0.16226,-0.16238,-0.1625,-0.16262,-0.16274,-0.16286,-0.16298,-0.16311,-0.16323,-0.16335,-0.16347,-0.1636,-0.16372,-0.16385,-0.16397,-0.1641,-0.16423,-0.16436,-0.16448,-0.16461,-0.16474,-0.16488,-0.16501,-0.16514,-0.16527,-0.16541,-0.16555,-0.16568,-0.16582,-0.16596,-0.1661,-0.16624,-0.16639,-0.16653,-0.16668,-0.16683,-0.16698,-0.16713,-0.16728,-0.16744,-0.16759,-0.16775,-0.16791,-0.16808,-0.16824,-0.16841,-0.16858,-0.16875,-0.16893,-0.1691,-0.16928,-0.16947,-0.16965,-0.16984,-0.17003,-0.17023,-0.17043,-0.17063,-0.17083,-0.17104,-0.17125,-0.17147,-0.17169,-0.17191,-0.17213,-0.17237,-0.1726,-0.17284,-0.17308,-0.17333,-0.17358,-0.17383,-0.17409,-0.17435,-0.17462,-0.17489,-0.17517,-0.17545,-0.17573,-0.17602,-0.17631,-0.1766,-0.1769,-0.1772,-0.17751,-0.17781,-0.17812,-0.17844,-0.17875,-0.17907,-0.17939,-0.17971,-0.18003,-0.18036,-0.18068,-0.181,-0.18133,-0.18165,-0.18197,-0.18229,-0.1826,-0.18292,-0.18323,-0.18353,-0.18383,-0.18413,-0.18441,-0.18469,-0.18497,-0.18523,-0.18548,-0.18573,-0.18596,-0.18618,-0.18639,-0.18658,-0.18676,-0.18692,-0.18706,-0.18719,-0.1873,-0.18738,-0.18745,-0.18749,-0.1875,-0.1875,-0.18746,-0.1874,-0.1873,-0.18718,-0.18702,-0.18683,-0.1866,-0.18634,-0.18603,-0.18568,-0.18529,-0.18485,-0.18436,-0.18382,-0.18322,-0.18256,-0.18185,-0.18106,-0.18021,-0.17928,-0.17827,-0.17717,-0.17598,-0.17469,-0.17328,-0.17177,-0.17012,-0.16833,-0.16638,-0.16426,-0.16196,-0.15944,-0.15668,-0.15365,-0.15031,-0.14663,-0.14254,-0.13799,-0.13288,-0.12712,-0.12057,-0.11306,-0.10436,-0.094159,-0.082007,-0.067248,-0.048859,0
-1.1102e-16,-0.13178,-0.1326,-0.1335,-0.13448,-0.13556,-0.13674,-0.13803,-0.13944,-0.048319,-0.048718,-0.049019,-0.04925,-0.049428,-0.049568,-0.049681,-0.049773,-0.04985,-0.049916,-0.049974,-0.050027,-0.050075,-0.05012,-0.050162,-0.050204,-0.050243,-0.050282,-0.050321,-0.050359,-0.050396,-0.050434,-0.050471,-0.050508,-0.050545,-0.050582,-0.050619,-0.15744,-0.15756,-0.15767,-0.15778,-0.15789,-0.158,-0.15812,-0.15823,-0.15834,-0.15845,-0.15857,-0.15868,-0.15879,-0.15891,-0.15902,-0.15913,-0.15925,-0.15936,-0.15947,-0.15959,-0.1597,-0.15982,-0.15993,-0.16004,-0.16016,-0.16027,-0.16039,-0.1605,-0.16062,-0.16074,-0.16085,-0.16097,-0.16108,-0.1612,-0.16132,-0.16143,-0.16155,-0.16167,-0.16179,-0.16191,-0.16202,-0.16214,-0.16226,-0.16238,-0.1625,-0.16262,-0.16274,-0.16286,-0.16298,-0.16311,-0.16323,-0.16335,-0.16347,-0.1636,-0.16372,-0.16385,-0.16397,-0.1641,-0.16423,-0.16436,-0.16448,-0.16461,-0.16474,-0.16488,-0.16501,-0.16514,-0.16527,-0.16541,-0.16555,-0.16568,-0.16582,-0.16596,-0.1661,-0.16624,-0.16639,-0.16653,-0.16668,-0.16683,-0.16698,-0.16713,-0.16728,-0.16744,-0.16759,-0.16775,-0.16791,-0.16808,-0.16824,-0.16841,-0.16858,-0.16875,-0.16893,-0.1691,-0.16928,-0.16947,-0.16965,-0.16984,-0.17003,-0.17023,-0.17043,-0.17063,-0.17083,-0.17104,-0.17125,-0.17147,-0.17169,-0.17191,-0.17213,-0.17237,-0.1726,-0.17284,-0.17308,-0.17333,-0.17358,-0.17383,-0.17409,-0.17435,-0.17462,-0.17489,-0.17517,-0.17545,-0.17573,-0.17602,-0.17631,-0.1766,-0.1769,-0.1772,-0.17751,-0.17781,-0.17812,-0.17844,-0.17875,-0.17907,-0.17939,-0.17971,-0.18003,-0.18036,-0.18068,-0.181,-0.18133,-0.18165,-0.18197,-0.18229,-0.1826,-0.18292,-0.18323,-0.18353,-0.18383,-0.18413,-0.18441,-0.18469,-0.18497,-0.18523,-0.18548,-0.18573,-0.18596,-0.18618,-0.18639,-0.18658,-0.18676,-0.18692,-0.18706,-0.18719,-0.1873,-0.18738,-0.18745,-0.18749,-0.1875,-0.1875,-0.18746,-0.1874,-0.1873,-0.18718,-0.18702,-0.18683,-0.1866,-0.18634,-0.18603,-0.18568,-0.18529,-0.18485,-0.18436,-0.18382,-0.18322,-0.18256,-0.18185,-0.18106,-0.18021,-0.17928,-0.17827,-0.17717,-0.17598,-0.17469,-0.17328,-0.17177,-0.17012,-0.16833,-0.16638,-0.16426,-0.16196,-0.15944,-0.15668,-0.15365,-0.15031,-0.14663,-0.14254,-0.13799,-0.13288,-0.12712,-0.12057,-0.11306,-0.10436,-0.094159,-0.082007,-0.067248,-0.048859,-1.1102e-16
8305,8297.5,8297.5,8297.5,8297.5,8297.6,8297.6,8297.6,8297.6,8297.6,8297.6,8297.6,8297.6,8297.6,8297.6,8297.6,8297.6,8297.6,8297.6,8297.6,8297.6,8297.6,8297.6,8297.6,8297.6,8297.6,8297.6,8297.6,8297.6,8297.6,8297.6,8297.6,8297.6,8297.6,8297.6,8297.6,8297.6,8297.6,8297.6,8297.7,8297.7,8297.7,8297.8,8297.8,8297.8,8297.8,8297.9,8297.9,8297.9,8297.9,8298,8298,8298,8298.1,8298.1,8298.1,8298.1,8298.2,8298.2,8298.2,8298.3,8298.3,8298.3,8298.3,8298.4,8298.4,8298.4,8298.5,8298.5,8298.5,8298.5,8298.6,8298.6,8298.6,8298.7,8298.7,8298.7,8298.8,8298.8,8298.8,8298.8,8298.9,8298.9,8298.9,8299,8299,8299,8299.1,8299.1,8299.1,8299.1,8299.2,8299.2,8299.2,8299.3,8299.3,8299.3,8299.4,8299.4,8299.4,8299.5,8299.5,8299.5,8299.6,8299.6,8299.6,8299.6,8299.7,8299.7,8299.7,8299.8,8299.8,8299.8,8299.9,8299.9,8299.9,8300,8300,8300,8300.1,8300.1,8300.1,8300.2,8300.2,8300.2,8300.3,8300.3,8300.3,8300.4,8300.4,8300.4,8300.5,8300.5,8300.5,8300.6,8300.6,8300.6,8300.7,8300.7,8300.7,8300.8,8300.8,8300.9,8300.9,8300.9,8301,8301,8301,8301.1,8301.1,8301.1,8301.2,8301.2,8301.3,8301.3,8301.3,8301.4,8301.4,8301.4,8301.5,8301.5,8301.6,8301.6,8301.6,8301.7,8301.7,8301.7,8301.8,8301.8,8301.9,8301.9,8301.9,8302,8302,8302.1,8302.1,8302.1,8302.2,8302.2,8302.3,8302.3,8302.3,8302.4,8302.4,8302.5,8302.5,8302.6,8302.6,8302.6,8302.7,8302.7,8302.8,8302.8,8302.9,8302.9,8302.9,8303,8303,8303.1,8303.1,8303.2,8303.2,8303.2,8303.3,8303.3,8303.4,8303.4,8303.5,8303.5,8303.6,8303.6,8303.6,8303.7,8303.7,8303.8,8303.8,8303.9,8303.9,8303.9,8304,8304,8304.1,8304.1,8304.2,8304.2,8304.2,8304.3,8304.3,8304.4,8304.4,8304.4,8304.5,8304.5,8304.5,8304.6,8304.6,8304.6,8304.7,8304.7,8304.7,8304.8,8304.8,8304.8,8304.8,8304.9,8304.9,8304.9,8304.9,8304.9,8304.9,8305,8305
8305,8297.5,8297.5,8297.5,8297.5,8297.6,8297.6,8297.6,8297.6,8297.6,8297.6,8297.6,8297.6,8297.6,8297.6,8297.6,8297.6,8297.6,8297.6,8297.6,8297.6,8297.6,8297.6,8297.6,8297.6,8297.6,8297.6,8297.6,8297.6,8297.6,8297.6,8297.6,8297.6,8297.6,8297.6,8297.6,8297.6,8297.6,8297.6,8297.7,8297.7,8297.7,8297.7,8297.8,8297.8,8297.8,8297.9,8297.9,8297.9,8297.9,8298,8298,8298,8298,8298.1,8298.1,8298.1,8298.2,8298.2,8298.2,8298.2,8298.3,8298.3,8298.3,8298.4,8298.4,8298.4,8298.4,8298.5,8298.5,8298.5,8298.6,8298.6,8298.6,8298.7,8298.7,8298.7,8298.7,8298.8,8298.8,8298.8,8298.9,8298.9,8298.9,8298.9,8299,8299,8299,8299.1,8299.1,8299.1,8299.2,8299.2,8299.2,8299.3,8299.3,8299.3,8299.3,8299.4,8299.4,8299.4,8299.5,8299.5,8299.5,8299.6,8299.6,8299.6,8299.7,8299.7,8299.7,8299.8,8299.8,8299.8,8299.9,8299.9,8299.9,8300,8300,8300,8300.1,8300.1,8300.1,8300.2,8300.2,8300.2,8300.3,8300.3,8300.3,8300.4,8300.4,8300.4,8300.5,8300.5,8300.5,8300.6,8300.6,8300.6,8300.7,8300.7,8300.7,8300.8,8300.8,8300.8,8300.9,8300.9,8300.9,8301,8301,8301,8301.1,8301.1,8301.2,8301.2,8301.2,8301.3,8301.3,8301.3,8301.4,8301.4,8301.4,8301.5,8301.5,8301.6,8301.6,8301.6,8301.7,8301.7,8301.7,8301.8,8301.8,8301.9,8301.9,8301.9,8302,8302,8302,8302.1,8302.1,8302.2,8302.2,8302.2,8302.3,8302.3,8302.4,8302.4,8302.4,8302.5,8302.5,8302.6,8302.6,8302.6,8302.7,8302.7,8302.8,8302.8,8302.8,8302.9,8302.9,8303,8303,8303,8303.1,8303.1,8303.2,8303.2,8303.2,8303.3,8303.3,8303.4,8303.4,8303.4,8303.5,8303.5,8303.5,8303.6,8303.6,8303.7,8303.7,8303.7,8303.8,8303.8,8303.8,8303.9,8303.9,8303.9,8304,8304,8304,8304.1,8304.1,8304.1,8304.1,8304.2,8304.2,8304.2,8304.2,8304.3,8304.3,8304.3,8304.3,8304.3,8304.3,8304.3,8304.3,8304.3,8304.3,8304.3,8304.3,8304.3,8304.2,8304.2,8305
